date,fire_count,avg_frp
2016-01-01,5,1.424
2016-01-02,3,12.226666666666667
2016-01-03,0,0.0
2016-01-04,0,0.0
2016-01-05,0,0.0
2016-01-06,0,0.0
2016-01-07,2,1.085
2016-01-08,2,5.36
2016-01-09,0,0.0
2016-01-10,0,0.0
2016-01-11,0,0.0
2016-01-12,4,2.9475
2016-01-13,7,1.7114285714285715
2016-01-14,2,1.495
2016-01-15,5,2.06
2016-01-16,2,1.22
2016-01-17,8,1.2625
2016-01-18,3,5.376666666666666
2016-01-19,4,3.6574999999999998
2016-01-20,0,0.0
2016-01-21,1,0.88
2016-01-22,2,3.395
2016-01-23,3,8.086666666666668
2016-01-24,20,8.5615
2016-01-25,8,2.07875
2016-01-26,4,2.385
2016-01-27,10,1.7530000000000001
2016-01-28,0,0.0
2016-01-29,2,8.4
2016-01-30,1,1.62
2016-01-31,1,10.08
2016-02-01,0,0.0
2016-02-02,0,0.0
2016-02-03,0,0.0
2016-02-04,9,1.7055555555555555
2016-02-05,5,4.692
2016-02-06,5,1.082
2016-02-07,0,0.0
2016-02-08,0,0.0
2016-02-09,0,0.0
2016-02-10,1,3.51
2016-02-11,2,1.83
2016-02-12,0,0.0
2016-02-13,2,0.76
2016-02-14,0,0.0
2016-02-15,3,4.516666666666667
2016-02-16,0,0.0
2016-02-17,0,0.0
2016-02-18,2,10.35
2016-02-19,1,6.86
2016-02-20,3,2.13
2016-02-21,5,2.434
2016-02-22,0,0.0
2016-02-23,0,0.0
2016-02-24,4,1.7774999999999999
2016-02-25,0,0.0
2016-02-26,7,1.1957142857142855
2016-02-27,0,0.0
2016-02-28,0,0.0
2016-02-29,0,0.0
2016-03-01,8,5.72375
2016-03-02,0,0.0
2016-03-03,0,0.0
2016-03-04,6,3.1650000000000005
2016-03-05,0,0.0
2016-03-06,0,0.0
2016-03-07,2,2.73
2016-03-08,5,0.8460000000000001
2016-03-09,1,3.9
2016-03-10,8,4.90375
2016-03-11,0,0.0
2016-03-12,3,3.4966666666666666
2016-03-13,0,0.0
2016-03-14,0,0.0
2016-03-15,2,1.2000000000000002
2016-03-16,0,0.0
2016-03-17,2,8.120000000000001
2016-03-18,8,1.5074999999999998
2016-03-19,3,2.236666666666667
2016-03-20,6,1.8016666666666665
2016-03-21,14,2.869285714285714
2016-03-22,3,0.8566666666666666
2016-03-23,1,11.54
2016-03-24,7,3.7600000000000002
2016-03-25,2,1.685
2016-03-26,11,1.8081818181818183
2016-03-27,0,0.0
2016-03-28,0,0.0
2016-03-29,0,0.0
2016-03-30,0,0.0
2016-03-31,5,1.3699999999999999
2016-04-01,0,0.0
2016-04-02,0,0.0
2016-04-03,4,2.4725
2016-04-04,0,0.0
2016-04-05,1,1.92
2016-04-06,3,1.1366666666666667
2016-04-07,1,4.32
2016-04-08,0,0.0
2016-04-09,0,0.0
2016-04-10,7,3.2714285714285714
2016-04-11,11,1.8918181818181816
2016-04-12,8,3.4812499999999997
2016-04-13,4,2.3475
2016-04-14,1,3.75
2016-04-15,4,2.325
2016-04-16,5,1.9620000000000002
2016-04-17,2,1.0150000000000001
2016-04-18,10,4.983
2016-04-19,5,2.126
2016-04-20,7,1.1842857142857142
2016-04-21,8,2.36375
2016-04-22,22,4.7327272727272724
2016-04-23,0,0.0
2016-04-24,2,1.97
2016-04-25,3,2.2733333333333334
2016-04-26,2,2.925
2016-04-27,16,1.9175
2016-04-28,1,2.84
2016-04-29,0,0.0
2016-04-30,2,1.49
2016-05-01,0,0.0
2016-05-02,0,0.0
2016-05-03,18,2.935
2016-05-04,18,2.613888888888889
2016-05-05,3,0.8166666666666668
2016-05-06,8,1.65625
2016-05-07,10,3.055
2016-05-08,1,0.72
2016-05-09,0,0.0
2016-05-10,0,0.0
2016-05-11,0,0.0
2016-05-12,0,0.0
2016-05-13,0,0.0
2016-05-14,0,0.0
2016-05-15,6,4.08
2016-05-16,1,3.36
2016-05-17,3,1.7366666666666666
2016-05-18,11,2.6872727272727275
2016-05-19,0,0.0
2016-05-20,17,2.703529411764706
2016-05-21,12,1.8283333333333334
2016-05-22,8,1.8
2016-05-23,6,2.08
2016-05-24,2,1.79
2016-05-25,7,1.6842857142857144
2016-05-26,2,1.35
2016-05-27,8,0.9075
2016-05-28,8,1.32
2016-05-29,2,0.99
2016-05-30,0,0.0
2016-05-31,1,3.41
2016-06-01,1,0.9
2016-06-02,0,0.0
2016-06-03,2,4.57
2016-06-04,0,0.0
2016-06-05,4,1.3575
2016-06-06,5,2.288
2016-06-07,4,2.0149999999999997
2016-06-08,2,1.75
2016-06-09,0,0.0
2016-06-10,3,5.446666666666666
2016-06-11,6,1.7933333333333332
2016-06-12,5,2.644
2016-06-13,8,4.50125
2016-06-14,0,0.0
2016-06-15,9,1.5488888888888888
2016-06-16,0,0.0
2016-06-17,8,1.7249999999999999
2016-06-18,7,3.394285714285714
2016-06-19,0,0.0
2016-06-20,5,0.6220000000000001
2016-06-21,2,3.6550000000000002
2016-06-22,8,2.27375
2016-06-23,9,2.3633333333333333
2016-06-24,11,2.305454545454545
2016-06-25,6,2.005
2016-06-26,7,1.6728571428571428
2016-06-27,3,1.8366666666666667
2016-06-28,3,1.5599999999999998
2016-06-29,13,3.253076923076923
2016-06-30,8,1.4
2016-07-01,3,4.3500000000000005
2016-07-02,2,3.695
2016-07-03,4,2.6325000000000003
2016-07-04,2,2.865
2016-07-05,3,0.9900000000000001
2016-07-06,7,0.8842857142857142
2016-07-07,8,1.45625
2016-07-08,3,1.13
2016-07-09,9,2.118888888888889
2016-07-10,12,3.589166666666667
2016-07-11,2,2.07
2016-07-12,3,1.3666666666666665
2016-07-13,5,2.1439999999999997
2016-07-14,2,2.66
2016-07-15,5,6.130000000000001
2016-07-16,21,2.7114285714285713
2016-07-17,14,2.4257142857142857
2016-07-18,5,1.8259999999999998
2016-07-19,5,1.748
2016-07-20,12,3.2274999999999996
2016-07-21,15,1.8606666666666667
2016-07-22,8,1.00125
2016-07-23,1,0.67
2016-07-24,0,0.0
2016-07-25,2,3.36
2016-07-26,4,3.6574999999999998
2016-07-27,4,2.41
2016-07-28,4,5.535
2016-07-29,8,1.685
2016-07-30,7,1.7685714285714287
2016-07-31,1,0.99
2016-08-01,15,4.058666666666666
2016-08-02,13,4.263846153846154
2016-08-03,5,2.492
2016-08-04,3,0.7033333333333333
2016-08-05,0,0.0
2016-08-06,10,1.9440000000000002
2016-08-07,20,3.091
2016-08-08,9,2.0288888888888885
2016-08-09,1,0.74
2016-08-10,1,4.28
2016-08-11,3,1.8166666666666667
2016-08-12,25,2.8168
2016-08-13,9,4.534444444444444
2016-08-14,3,0.6733333333333333
2016-08-15,3,2.2600000000000002
2016-08-16,3,3.66
2016-08-17,17,2.938823529411765
2016-08-18,1,2.23
2016-08-19,0,0.0
2016-08-20,0,0.0
2016-08-21,0,0.0
2016-08-22,5,2.65
2016-08-23,9,2.408888888888889
2016-08-24,5,3.3980000000000006
2016-08-25,6,1.2233333333333334
2016-08-26,3,3.9499999999999997
2016-08-27,18,4.844444444444445
2016-08-28,23,2.895217391304348
2016-08-29,5,2.66
2016-08-30,0,0.0
2016-08-31,1,6.35
2016-09-01,5,1.556
2016-09-02,10,1.9
2016-09-03,5,0.8960000000000001
2016-09-04,6,1.46
2016-09-05,0,0.0
2016-09-06,4,1.1
2016-09-07,20,4.566
2016-09-08,11,3.208181818181818
2016-09-09,8,2.715
2016-09-10,3,1.4033333333333333
2016-09-11,4,1.855
2016-09-12,5,1.658
2016-09-13,13,4.5515384615384615
2016-09-14,7,2.5414285714285714
2016-09-15,0,0.0
2016-09-16,5,0.944
2016-09-17,0,0.0
2016-09-18,7,2.057142857142857
2016-09-19,4,3.59
2016-09-20,4,2.62
2016-09-21,2,0.845
2016-09-22,1,4.07
2016-09-23,5,2.038
2016-09-24,12,3.9441666666666664
2016-09-25,14,1.9435714285714287
2016-09-26,5,1.7079999999999997
2016-09-27,6,1.7550000000000001
2016-09-28,9,1.6900000000000002
2016-09-29,23,2.2004347826086956
2016-09-30,6,1.2733333333333332
2016-10-01,5,1.144
2016-10-02,0,0.0
2016-10-03,9,4.111111111111111
2016-10-04,14,2.587857142857143
2016-10-05,14,1.6335714285714287
2016-10-06,2,4.215
2016-10-07,2,0.5549999999999999
2016-10-08,4,0.7275
2016-10-09,3,3.5700000000000003
2016-10-10,2,2.84
2016-10-11,0,0.0
2016-10-12,10,1.7630000000000003
2016-10-13,0,0.0
2016-10-14,0,0.0
2016-10-15,1,5.14
2016-10-16,7,2.544285714285714
2016-10-17,0,0.0
2016-10-18,3,2.223333333333333
2016-10-19,0,0.0
2016-10-20,1,2.35
2016-10-21,4,1.95
2016-10-22,4,1.1975
2016-10-23,0,0.0
2016-10-24,0,0.0
2016-10-25,0,0.0
2016-10-26,0,0.0
2016-10-27,3,1.0999999999999999
2016-10-28,0,0.0
2016-10-29,5,1.316
2016-10-30,9,2.448888888888889
2016-10-31,7,1.1771428571428573
2016-11-01,0,0.0
2016-11-02,0,0.0
2016-11-03,3,1.5833333333333333
2016-11-04,3,1.9166666666666667
2016-11-05,0,0.0
2016-11-06,0,0.0
2016-11-07,2,5.92
2016-11-08,3,7.759999999999999
2016-11-09,6,0.8466666666666667
2016-11-10,3,2.763333333333333
2016-11-11,0,0.0
2016-11-12,6,1.9416666666666667
2016-11-13,2,0.9
2016-11-14,1,0.67
2016-11-15,1,5.67
2016-11-16,7,2.777142857142857
2016-11-17,2,1.2
2016-11-18,0,0.0
2016-11-19,0,0.0
2016-11-20,0,0.0
2016-11-21,0,0.0
2016-11-22,0,0.0
2016-11-23,0,0.0
2016-11-24,1,0.98
2016-11-25,0,0.0
2016-11-26,0,0.0
2016-11-27,5,2.892
2016-11-28,0,0.0
2016-11-29,3,3.19
2016-11-30,7,0.8942857142857142
2016-12-01,1,0.7
2016-12-02,5,3.124
2016-12-03,1,1.22
2016-12-04,0,0.0
2016-12-05,1,2.1
2016-12-06,2,3.735
2016-12-07,5,2.134
2016-12-08,3,1.16
2016-12-09,4,1.265
2016-12-10,3,3.4333333333333336
2016-12-11,0,0.0
2016-12-12,0,0.0
2016-12-13,0,0.0
2016-12-14,0,0.0
2016-12-15,0,0.0
2016-12-16,2,3.305
2016-12-17,8,1.77375
2016-12-18,0,0.0
2016-12-19,0,0.0
2016-12-20,0,0.0
2016-12-21,0,0.0
2016-12-22,6,0.88
2016-12-23,3,3.4500000000000006
2016-12-24,8,3.2800000000000002
2016-12-25,0,0.0
2016-12-26,0,0.0
2016-12-27,7,6.497142857142856
2016-12-28,32,5.595625
2016-12-29,0,0.0
2016-12-30,0,0.0
2016-12-31,0,0.0
2017-01-01,7,6.428571428571429
2017-01-02,5,14.282
2017-01-03,1,1.45
2017-01-04,3,2.1233333333333335
2017-01-05,9,1.54
2017-01-06,26,4.747307692307692
2017-01-07,12,2.765
2017-01-08,1,0.8
2017-01-09,11,2.234545454545455
2017-01-10,1,1.5
2017-01-11,0,0.0
2017-01-12,0,0.0
2017-01-13,0,0.0
2017-01-14,0,0.0
2017-01-15,0,0.0
2017-01-16,4,1.415
2017-01-17,1,0.54
2017-01-18,2,2.185
2017-01-19,8,1.78625
2017-01-20,4,4.7675
2017-01-21,3,2.6333333333333333
2017-01-22,6,2.0066666666666664
2017-01-23,0,0.0
2017-01-24,2,1.8800000000000001
2017-01-25,1,8.21
2017-01-26,9,3.1255555555555556
2017-01-27,4,2.1775
2017-01-28,0,0.0
2017-01-29,6,1.8916666666666666
2017-01-30,11,2.208181818181818
2017-01-31,0,0.0
2017-02-01,0,0.0
2017-02-02,0,0.0
2017-02-03,0,0.0
2017-02-04,0,0.0
2017-02-05,3,1.8833333333333335
2017-02-06,0,0.0
2017-02-07,0,0.0
2017-02-08,1,2.38
2017-02-09,0,0.0
2017-02-10,0,0.0
2017-02-11,0,0.0
2017-02-12,0,0.0
2017-02-13,1,1.19
2017-02-14,1,1.67
2017-02-15,4,4.25
2017-02-16,4,1.1775
2017-02-17,5,3.4839999999999995
2017-02-18,3,1.9033333333333333
2017-02-19,5,5.122
2017-02-20,6,1.8983333333333334
2017-02-21,0,0.0
2017-02-22,0,0.0
2017-02-23,0,0.0
2017-02-24,0,0.0
2017-02-25,6,3.4299999999999997
2017-02-26,7,2.565714285714286
2017-02-27,1,3.62
2017-02-28,0,0.0
2017-03-01,0,0.0
2017-03-02,10,1.455
2017-03-03,9,1.7733333333333332
2017-03-04,0,0.0
2017-03-05,2,1.955
2017-03-06,2,0.84
2017-03-07,5,2.43
2017-03-08,10,1.237
2017-03-09,10,3.7260000000000004
2017-03-10,14,2.8721428571428573
2017-03-11,7,1.6614285714285713
2017-03-12,2,1.405
2017-03-13,5,2.5940000000000003
2017-03-14,1,17.18
2017-03-15,1,2.2
2017-03-16,14,1.3735714285714287
2017-03-17,6,1.8633333333333333
2017-03-18,3,1.0066666666666666
2017-03-19,3,2.1533333333333333
2017-03-20,6,1.6450000000000002
2017-03-21,0,0.0
2017-03-22,0,0.0
2017-03-23,0,0.0
2017-03-24,2,2.335
2017-03-25,3,3.8800000000000003
2017-03-26,0,0.0
2017-03-27,1,0.67
2017-03-28,8,1.355
2017-03-29,20,2.837
2017-03-30,43,3.2583720930232563
2017-03-31,9,1.598888888888889
2017-04-01,9,1.4733333333333334
2017-04-02,5,1.656
2017-04-03,15,5.531333333333333
2017-04-04,5,2.016
2017-04-05,2,3.3449999999999998
2017-04-06,8,1.595
2017-04-07,8,1.2062499999999998
2017-04-08,21,2.6228571428571428
2017-04-09,26,2.7207692307692306
2017-04-10,10,3.3049999999999997
2017-04-11,6,1.0016666666666667
2017-04-12,2,0.9850000000000001
2017-04-13,4,1.0375
2017-04-14,18,2.2783333333333333
2017-04-15,1,2.08
2017-04-16,2,0.8
2017-04-17,2,0.34
2017-04-18,1,0.98
2017-04-19,8,1.28
2017-04-20,30,2.3926666666666665
2017-04-21,24,2.4520833333333334
2017-04-22,33,6.642727272727273
2017-04-23,19,4.657368421052632
2017-04-24,0,0.0
2017-04-25,0,0.0
2017-04-26,0,0.0
2017-04-27,0,0.0
2017-04-28,2,3.205
2017-04-29,7,3.0614285714285714
2017-04-30,22,3.25
2017-05-01,0,0.0
2017-05-02,4,3.1725
2017-05-03,1,0.41
2017-05-04,1,2.33
2017-05-05,11,2.8754545454545455
2017-05-06,4,1.1575
2017-05-07,0,0.0
2017-05-08,2,1.435
2017-05-09,1,2.56
2017-05-10,4,2.455
2017-05-11,0,0.0
2017-05-12,1,3.72
2017-05-13,3,3.3866666666666667
2017-05-14,4,5.47
2017-05-15,4,4.887499999999999
2017-05-16,23,2.9782608695652173
2017-05-17,10,2.625
2017-05-18,7,3.7171428571428575
2017-05-19,1,1.19
2017-05-20,8,0.79625
2017-05-21,10,2.784
2017-05-22,15,1.764
2017-05-23,2,4.015
2017-05-24,10,1.156
2017-05-25,5,0.616
2017-05-26,8,2.0975
2017-05-27,14,2.572142857142857
2017-05-28,10,3.0020000000000002
2017-05-29,1,0.59
2017-05-30,8,2.11125
2017-05-31,6,3.473333333333333
2017-06-01,5,1.3119999999999998
2017-06-02,14,2.357142857142857
2017-06-03,16,2.06125
2017-06-04,2,1.03
2017-06-05,0,0.0
2017-06-06,0,0.0
2017-06-07,6,0.77
2017-06-08,4,2.2675
2017-06-09,7,0.9685714285714285
2017-06-10,5,3.59
2017-06-11,17,2.9194117647058824
2017-06-12,9,2.5455555555555556
2017-06-13,9,3.1155555555555554
2017-06-14,0,0.0
2017-06-15,1,5.04
2017-06-16,2,3.655
2017-06-17,8,2.76375
2017-06-18,12,3.4933333333333336
2017-06-19,7,2.7600000000000002
2017-06-20,9,1.578888888888889
2017-06-21,5,2.8600000000000003
2017-06-22,16,2.183125
2017-06-23,0,0.0
2017-06-24,8,1.87375
2017-06-25,4,2.4175
2017-06-26,8,2.36375
2017-06-27,6,2.715
2017-06-28,6,1.6500000000000001
2017-06-29,2,3.4000000000000004
2017-06-30,3,0.8733333333333334
2017-07-01,9,1.3455555555555554
2017-07-02,14,2.5942857142857143
2017-07-03,13,2.2484615384615383
2017-07-04,14,1.82
2017-07-05,11,1.9536363636363638
2017-07-06,11,3.5436363636363635
2017-07-07,10,2.734
2017-07-08,22,3.3490909090909087
2017-07-09,3,1.21
2017-07-10,8,4.175
2017-07-11,3,1.6433333333333333
2017-07-12,13,2.4353846153846153
2017-07-13,14,2.5500000000000003
2017-07-14,3,1.9833333333333334
2017-07-15,9,3.252222222222222
2017-07-16,8,2.315
2017-07-17,10,1.563
2017-07-18,12,2.6875
2017-07-19,17,2.0241176470588234
2017-07-20,5,1.762
2017-07-21,8,3.75875
2017-07-22,7,2.4499999999999997
2017-07-23,10,3.3939999999999997
2017-07-24,10,2.633
2017-07-25,19,1.0294736842105263
2017-07-26,13,1.2046153846153846
2017-07-27,7,1.7971428571428572
2017-07-28,9,4.525555555555556
2017-07-29,11,3.3854545454545457
2017-07-30,3,4.25
2017-07-31,7,1.862857142857143
2017-08-01,4,1.5325
2017-08-02,10,2.766
2017-08-03,7,2.557142857142857
2017-08-04,40,3.46075
2017-08-05,19,4.61421052631579
2017-08-06,5,2.0759999999999996
2017-08-07,6,1.0933333333333333
2017-08-08,1,1.12
2017-08-09,3,3.513333333333333
2017-08-10,2,0.525
2017-08-11,1,3.77
2017-08-12,0,0.0
2017-08-13,1,0.95
2017-08-14,1,1.81
2017-08-15,25,5.698
2017-08-16,3,2.9766666666666666
2017-08-17,0,0.0
2017-08-18,4,3.2
2017-08-19,0,0.0
2017-08-20,15,2.981333333333333
2017-08-21,2,5.68
2017-08-22,6,1.905
2017-08-23,5,2.382
2017-08-24,5,2.806
2017-08-25,3,2.75
2017-08-26,13,2.335384615384615
2017-08-27,13,2.63
2017-08-28,1,2.47
2017-08-29,6,2.251666666666667
2017-08-30,11,1.7272727272727273
2017-08-31,4,1.3625
2017-09-01,1,2.89
2017-09-02,2,7.535
2017-09-03,0,0.0
2017-09-04,0,0.0
2017-09-05,9,2.054444444444444
2017-09-06,8,1.01625
2017-09-07,10,3.582
2017-09-08,2,1.455
2017-09-09,0,0.0
2017-09-10,0,0.0
2017-09-11,4,2.455
2017-09-12,11,3.3318181818181816
2017-09-13,13,1.0776923076923077
2017-09-14,8,2.4
2017-09-15,1,2.0
2017-09-16,3,3.766666666666667
2017-09-17,10,3.0620000000000003
2017-09-18,1,0.63
2017-09-19,0,0.0
2017-09-20,6,0.8850000000000001
2017-09-21,21,4.279999999999999
2017-09-22,8,1.61625
2017-09-23,2,3.0949999999999998
2017-09-24,1,0.77
2017-09-25,0,0.0
2017-09-26,7,2.084285714285714
2017-09-27,13,3.1053846153846156
2017-09-28,10,1.971
2017-09-29,2,0.8300000000000001
2017-09-30,0,0.0
2017-10-01,0,0.0
2017-10-02,4,2.9475
2017-10-03,0,0.0
2017-10-04,3,1.5366666666666664
2017-10-05,5,1.616
2017-10-06,13,1.9461538461538461
2017-10-07,10,1.7420000000000002
2017-10-08,3,6.403333333333333
2017-10-09,6,0.9400000000000001
2017-10-10,3,0.9866666666666667
2017-10-11,12,1.9316666666666666
2017-10-12,8,1.51375
2017-10-13,13,2.336923076923077
2017-10-14,13,5.804615384615385
2017-10-15,11,3.189090909090909
2017-10-16,7,1.2557142857142856
2017-10-17,15,1.3099999999999998
2017-10-18,21,2.669047619047619
2017-10-19,8,1.0574999999999999
2017-10-20,0,0.0
2017-10-21,0,0.0
2017-10-22,0,0.0
2017-10-23,12,1.5999999999999999
2017-10-24,16,3.834375
2017-10-25,5,1.98
2017-10-26,8,2.65875
2017-10-27,2,1.375
2017-10-28,20,1.6275
2017-10-29,6,0.915
2017-10-30,23,6.109565217391305
2017-10-31,7,1.725714285714286
2017-11-01,11,1.517272727272727
2017-11-02,0,0.0
2017-11-03,5,2.17
2017-11-04,0,0.0
2017-11-05,0,0.0
2017-11-06,0,0.0
2017-11-07,0,0.0
2017-11-08,1,3.04
2017-11-09,0,0.0
2017-11-10,3,1.3033333333333335
2017-11-11,1,0.64
2017-11-12,1,3.85
2017-11-13,0,0.0
2017-11-14,1,0.63
2017-11-15,8,3.07125
2017-11-16,0,0.0
2017-11-17,7,1.3900000000000001
2017-11-18,5,1.9259999999999997
2017-11-19,2,2.7800000000000002
2017-11-20,5,3.87
2017-11-21,3,2.0633333333333335
2017-11-22,2,2.975
2017-11-23,1,3.37
2017-11-24,0,0.0
2017-11-25,0,0.0
2017-11-26,0,0.0
2017-11-27,2,0.8400000000000001
2017-11-28,1,5.77
2017-11-29,0,0.0
2017-11-30,1,1.85
2017-12-01,3,1.21
2017-12-02,0,0.0
2017-12-03,6,0.9566666666666667
2017-12-04,2,0.9
2017-12-05,4,2.5725000000000002
2017-12-06,7,1.8642857142857143
2017-12-07,6,1.655
2017-12-08,0,0.0
2017-12-09,4,2.1725
2017-12-10,1,1.06
2017-12-11,0,0.0
2017-12-12,0,0.0
2017-12-13,3,1.96
2017-12-14,0,0.0
2017-12-15,3,1.0466666666666666
2017-12-16,0,0.0
2017-12-17,2,1.6849999999999998
2017-12-18,3,2.59
2017-12-19,6,1.5899999999999999
2017-12-20,2,1.15
2017-12-21,6,2.0016666666666665
2017-12-22,2,1.26
2017-12-23,5,1.6760000000000002
2017-12-24,5,1.3199999999999998
2017-12-25,1,0.55
2017-12-26,0,0.0
2017-12-27,0,0.0
2017-12-28,0,0.0
2017-12-29,1,0.96
2017-12-30,0,0.0
2017-12-31,2,1.1
2018-01-01,0,0.0
2018-01-02,0,0.0
2018-01-03,4,1.305
2018-01-04,0,0.0
2018-01-05,1,1.1
2018-01-06,0,0.0
2018-01-07,0,0.0
2018-01-08,0,0.0
2018-01-09,0,0.0
2018-01-10,0,0.0
2018-01-11,0,0.0
2018-01-12,1,2.84
2018-01-13,6,1.7683333333333333
2018-01-14,4,1.37
2018-01-15,0,0.0
2018-01-16,0,0.0
2018-01-17,0,0.0
2018-01-18,6,2.0433333333333334
2018-01-19,8,2.4137500000000003
2018-01-20,3,1.3833333333333335
2018-01-21,1,3.13
2018-01-22,4,1.385
2018-01-23,5,2.876
2018-01-24,3,2.146666666666667
2018-01-25,0,0.0
2018-01-26,0,0.0
2018-01-27,0,0.0
2018-01-28,0,0.0
2018-01-29,2,1.11
2018-01-30,1,0.42
2018-01-31,0,0.0
2018-02-01,0,0.0
2018-02-02,0,0.0
2018-02-03,0,0.0
2018-02-04,3,1.7866666666666668
2018-02-05,0,0.0
2018-02-06,0,0.0
2018-02-07,0,0.0
2018-02-08,6,1.3299999999999998
2018-02-09,0,0.0
2018-02-10,2,1.075
2018-02-11,3,3.86
2018-02-12,1,5.18
2018-02-13,0,0.0
2018-02-14,4,1.4825
2018-02-15,5,1.1119999999999999
2018-02-16,3,1.3733333333333333
2018-02-17,5,3.532
2018-02-18,0,0.0
2018-02-19,0,0.0
2018-02-20,8,3.685
2018-02-21,0,0.0
2018-02-22,0,0.0
2018-02-23,0,0.0
2018-02-24,0,0.0
2018-02-25,0,0.0
2018-02-26,0,0.0
2018-02-27,0,0.0
2018-02-28,0,0.0
2018-03-01,0,0.0
2018-03-02,0,0.0
2018-03-03,4,1.995
2018-03-04,0,0.0
2018-03-05,0,0.0
2018-03-06,0,0.0
2018-03-07,0,0.0
2018-03-08,8,1.7912500000000002
2018-03-09,0,0.0
2018-03-10,0,0.0
2018-03-11,0,0.0
2018-03-12,0,0.0
2018-03-13,1,2.31
2018-03-14,4,1.7
2018-03-15,0,0.0
2018-03-16,6,4.821666666666666
2018-03-17,0,0.0
2018-03-18,0,0.0
2018-03-19,0,0.0
2018-03-20,0,0.0
2018-03-21,1,1.79
2018-03-22,11,2.7736363636363635
2018-03-23,9,2.5344444444444445
2018-03-24,3,1.3266666666666667
2018-03-25,0,0.0
2018-03-26,7,1.7442857142857144
2018-03-27,8,7.44625
2018-03-28,10,2.532
2018-03-29,0,0.0
2018-03-30,0,0.0
2018-03-31,1,1.48
2018-04-01,13,2.523076923076923
2018-04-02,1,0.59
2018-04-03,0,0.0
2018-04-04,0,0.0
2018-04-05,1,1.3
2018-04-06,9,3.672222222222222
2018-04-07,11,1.261818181818182
2018-04-08,4,1.8675000000000002
2018-04-09,0,0.0
2018-04-10,0,0.0
2018-04-11,4,0.9550000000000001
2018-04-12,0,0.0
2018-04-13,2,3.54
2018-04-14,2,1.7550000000000001
2018-04-15,0,0.0
2018-04-16,6,2.0833333333333335
2018-04-17,12,1.8158333333333332
2018-04-18,13,3.1223076923076927
2018-04-19,15,1.7846666666666666
2018-04-20,12,1.2683333333333333
2018-04-21,6,1.8283333333333334
2018-04-22,9,3.6422222222222222
2018-04-23,15,3.102
2018-04-24,9,3.19
2018-04-25,8,0.90625
2018-04-26,8,1.6225
2018-04-27,5,2.0460000000000003
2018-04-28,22,1.7127272727272727
2018-04-29,0,0.0
2018-04-30,3,4.433333333333334
2018-05-01,8,2.3875
2018-05-02,0,0.0
2018-05-03,0,0.0
2018-05-04,2,3.5749999999999997
2018-05-05,1,0.85
2018-05-06,6,4.786666666666666
2018-05-07,2,1.625
2018-05-08,4,2.88
2018-05-09,1,5.48
2018-05-10,0,0.0
2018-05-11,3,5.206666666666666
2018-05-12,4,1.8199999999999998
2018-05-13,8,1.6175
2018-05-14,0,0.0
2018-05-15,0,0.0
2018-05-16,1,2.35
2018-05-17,0,0.0
2018-05-18,13,1.7461538461538462
2018-05-19,9,3.761111111111111
2018-05-20,14,1.425
2018-05-21,4,1.5675
2018-05-22,0,0.0
2018-05-23,1,4.16
2018-05-24,15,2.6146666666666665
2018-05-25,14,0.9600000000000001
2018-05-26,6,1.6766666666666667
2018-05-27,5,1.842
2018-05-28,2,0.58
2018-05-29,3,4.06
2018-05-30,4,0.7275
2018-05-31,3,2.1300000000000003
2018-06-01,4,3.3024999999999998
2018-06-02,10,3.65
2018-06-03,9,2.501111111111111
2018-06-04,0,0.0
2018-06-05,12,2.0608333333333335
2018-06-06,8,1.66625
2018-06-07,0,0.0
2018-06-08,0,0.0
2018-06-09,8,3.3125
2018-06-10,19,1.5989473684210527
2018-06-11,4,0.8575
2018-06-12,8,2.25875
2018-06-13,0,0.0
2018-06-14,5,3.0620000000000003
2018-06-15,3,1.3533333333333333
2018-06-16,14,3.039285714285714
2018-06-17,0,0.0
2018-06-18,1,5.43
2018-06-19,14,4.2
2018-06-20,4,2.795
2018-06-21,15,3.1673333333333336
2018-06-22,0,0.0
2018-06-23,6,0.8083333333333332
2018-06-24,10,0.9
2018-06-25,2,0.67
2018-06-26,2,3.7199999999999998
2018-06-27,7,1.7314285714285713
2018-06-28,6,1.7750000000000001
2018-06-29,4,4.15
2018-06-30,14,2.1435714285714282
2018-07-01,12,2.299166666666667
2018-07-02,3,4.236666666666667
2018-07-03,4,1.3925
2018-07-04,2,4.885
2018-07-05,4,6.1875
2018-07-06,14,2.487142857142857
2018-07-07,12,6.788333333333333
2018-07-08,8,2.43125
2018-07-09,7,3.011428571428571
2018-07-10,3,1.3466666666666667
2018-07-11,5,6.525999999999999
2018-07-12,1,1.56
2018-07-13,5,1.544
2018-07-14,8,2.44625
2018-07-15,9,2.0166666666666666
2018-07-16,2,0.45
2018-07-17,14,1.0764285714285715
2018-07-18,17,1.8882352941176472
2018-07-19,14,1.6464285714285716
2018-07-20,9,5.078888888888889
2018-07-21,0,0.0
2018-07-22,23,2.7530434782608695
2018-07-23,5,3.786
2018-07-24,9,2.1855555555555557
2018-07-25,3,3.7433333333333336
2018-07-26,13,3.9615384615384617
2018-07-27,19,2.684736842105263
2018-07-28,9,2.101111111111111
2018-07-29,12,5.956666666666667
2018-07-30,7,2.07
2018-07-31,12,2.255
2018-08-01,13,1.7238461538461538
2018-08-02,12,3.5033333333333334
2018-08-03,1,3.45
2018-08-04,4,2.035
2018-08-05,1,2.17
2018-08-06,10,2.924
2018-08-07,19,4.243157894736842
2018-08-08,10,3.8899999999999997
2018-08-09,4,3.0875000000000004
2018-08-10,0,0.0
2018-08-11,1,0.79
2018-08-12,4,1.6925
2018-08-13,1,0.67
2018-08-14,1,1.23
2018-08-15,3,1.9933333333333332
2018-08-16,5,7.742
2018-08-17,7,1.9285714285714286
2018-08-18,20,3.3195
2018-08-19,6,5.135
2018-08-20,0,0.0
2018-08-21,1,3.71
2018-08-22,4,4.045
2018-08-23,6,2.785
2018-08-24,6,2.276666666666667
2018-08-25,0,0.0
2018-08-26,0,0.0
2018-08-27,8,2.10875
2018-08-28,5,2.024
2018-08-29,8,1.3575
2018-08-30,12,1.8275
2018-08-31,0,0.0
2018-09-01,1,4.65
2018-09-02,0,0.0
2018-09-03,7,2.6357142857142857
2018-09-04,12,1.3575
2018-09-05,11,1.7381818181818183
2018-09-06,3,1.7866666666666668
2018-09-07,0,0.0
2018-09-08,18,1.8922222222222222
2018-09-09,9,2.298888888888889
2018-09-10,6,2.32
2018-09-11,6,1.6333333333333335
2018-09-12,11,1.1336363636363638
2018-09-13,9,1.4577777777777776
2018-09-14,4,4.2225
2018-09-15,2,1.6199999999999999
2018-09-16,7,1.8242857142857143
2018-09-17,2,2.6550000000000002
2018-09-18,3,2.1666666666666665
2018-09-19,14,3.2971428571428567
2018-09-20,11,1.760909090909091
2018-09-21,7,2.137142857142857
2018-09-22,6,1.8833333333333335
2018-09-23,8,3.00375
2018-09-24,17,5.389411764705883
2018-09-25,5,2.12
2018-09-26,4,2.5375
2018-09-27,6,1.21
2018-09-28,11,4.606363636363636
2018-09-29,10,1.443
2018-09-30,15,1.512
2018-10-01,0,0.0
2018-10-02,3,4.680000000000001
2018-10-03,7,5.615714285714286
2018-10-04,8,1.45625
2018-10-05,12,2.85
2018-10-06,0,0.0
2018-10-07,2,1.715
2018-10-08,2,1.7850000000000001
2018-10-09,9,4.06
2018-10-10,7,1.7871428571428571
2018-10-11,3,1.01
2018-10-12,0,0.0
2018-10-13,7,0.9
2018-10-14,7,1.3885714285714283
2018-10-15,10,1.98
2018-10-16,0,0.0
2018-10-17,0,0.0
2018-10-18,6,0.9883333333333333
2018-10-19,7,2.874285714285714
2018-10-20,10,5.0920000000000005
2018-10-21,12,1.7758333333333332
2018-10-22,5,1.668
2018-10-23,5,1.278
2018-10-24,13,3.177692307692308
2018-10-25,4,3.435
2018-10-26,0,0.0
2018-10-27,0,0.0
2018-10-28,0,0.0
2018-10-29,0,0.0
2018-10-30,0,0.0
2018-10-31,1,1.54
2018-11-01,1,2.23
2018-11-02,0,0.0
2018-11-03,0,0.0
2018-11-04,0,0.0
2018-11-05,1,2.54
2018-11-06,0,0.0
2018-11-07,0,0.0
2018-11-08,0,0.0
2018-11-09,0,0.0
2018-11-10,0,0.0
2018-11-11,0,0.0
2018-11-12,0,0.0
2018-11-13,0,0.0
2018-11-14,4,1.0325
2018-11-15,7,4.1814285714285715
2018-11-16,3,1.01
2018-11-17,4,0.7899999999999999
2018-11-18,6,1.4583333333333333
2018-11-19,0,0.0
2018-11-20,0,0.0
2018-11-21,4,3.375
2018-11-22,0,0.0
2018-11-23,0,0.0
2018-11-24,0,0.0
2018-11-25,0,0.0
2018-11-26,1,3.43
2018-11-27,2,1.36
2018-11-28,10,4.543
2018-11-29,5,1.672
2018-11-30,2,1.645
2018-12-01,7,1.8128571428571427
2018-12-02,3,1.03
2018-12-03,1,5.73
2018-12-04,5,1.332
2018-12-05,9,1.5055555555555555
2018-12-06,0,0.0
2018-12-07,2,2.66
2018-12-08,1,3.61
2018-12-09,10,2.393
2018-12-10,6,2.111666666666667
2018-12-11,7,4.635714285714286
2018-12-12,5,1.392
2018-12-13,4,1.125
2018-12-14,7,2.047142857142857
2018-12-15,4,2.15
2018-12-16,0,0.0
2018-12-17,0,0.0
2018-12-18,4,1.3825
2018-12-19,0,0.0
2018-12-20,1,3.4
2018-12-21,0,0.0
2018-12-22,1,1.91
2018-12-23,3,1.4066666666666665
2018-12-24,0,0.0
2018-12-25,3,1.5933333333333335
2018-12-26,1,0.6
2018-12-27,0,0.0
2018-12-28,0,0.0
2018-12-29,0,0.0
2018-12-30,0,0.0
2018-12-31,7,1.5042857142857142
2019-01-01,1,0.77
2019-01-02,0,0.0
2019-01-03,17,16.539411764705882
2019-01-04,22,5.325454545454545
2019-01-05,6,4.216666666666667
2019-01-06,8,2.2325
2019-01-07,7,1.9600000000000002
2019-01-08,0,0.0
2019-01-09,1,1.65
2019-01-10,1,5.67
2019-01-11,6,2.223333333333333
2019-01-12,4,1.0150000000000001
2019-01-13,4,2.88
2019-01-14,3,1.6766666666666665
2019-01-15,4,2.6950000000000003
2019-01-16,3,1.6966666666666665
2019-01-17,0,0.0
2019-01-18,0,0.0
2019-01-19,0,0.0
2019-01-20,4,1.27
2019-01-21,1,2.15
2019-01-22,4,2.7824999999999998
2019-01-23,1,0.85
2019-01-24,0,0.0
2019-01-25,12,2.12
2019-01-26,4,1.8525
2019-01-27,0,0.0
2019-01-28,2,5.13
2019-01-29,5,2.1439999999999997
2019-01-30,3,1.3833333333333335
2019-01-31,1,2.92
2019-02-01,0,0.0
2019-02-02,0,0.0
2019-02-03,0,0.0
2019-02-04,0,0.0
2019-02-05,3,0.7000000000000001
2019-02-06,4,1.165
2019-02-07,5,2.346
2019-02-08,3,1.1766666666666667
2019-02-09,0,0.0
2019-02-10,0,0.0
2019-02-11,0,0.0
2019-02-12,3,1.6266666666666667
2019-02-13,2,4.44
2019-02-14,5,1.206
2019-02-15,7,2.6571428571428575
2019-02-16,3,1.9266666666666667
2019-02-17,6,3.606666666666667
2019-02-18,5,1.226
2019-02-19,7,2.1085714285714285
2019-02-20,6,1.635
2019-02-21,10,1.698
2019-02-22,6,1.5833333333333333
2019-02-23,19,5.934736842105264
2019-02-24,8,1.65875
2019-02-25,4,1.2725
2019-02-26,9,2.01
2019-02-27,2,0.9400000000000001
2019-02-28,3,1.5366666666666668
2019-03-01,11,3.6509090909090904
2019-03-02,3,1.46
2019-03-03,26,3.078076923076923
2019-03-04,1,1.85
2019-03-05,3,1.8099999999999998
2019-03-06,2,1.845
2019-03-07,0,0.0
2019-03-08,2,1.7
2019-03-09,6,1.0783333333333334
2019-03-10,8,1.395
2019-03-11,1,0.7
2019-03-12,7,1.792857142857143
2019-03-13,6,2.0366666666666666
2019-03-14,8,1.3575000000000002
2019-03-15,5,3.282
2019-03-16,4,1.6575
2019-03-17,0,0.0
2019-03-18,1,2.64
2019-03-19,7,1.7914285714285716
2019-03-20,4,1.5875
2019-03-21,7,1.8728571428571428
2019-03-22,8,2.65625
2019-03-23,13,4.309230769230769
2019-03-24,14,2.947142857142857
2019-03-25,16,2.495
2019-03-26,31,4.984516129032259
2019-03-27,7,2.6557142857142857
2019-03-28,11,1.6672727272727272
2019-03-29,5,2.13
2019-03-30,19,4.099473684210526
2019-03-31,12,3.0325
2019-04-01,3,2.1966666666666668
2019-04-02,6,2.6633333333333336
2019-04-03,0,0.0
2019-04-04,0,0.0
2019-04-05,0,0.0
2019-04-06,0,0.0
2019-04-07,3,0.8366666666666666
2019-04-08,2,5.4799999999999995
2019-04-09,3,15.513333333333335
2019-04-10,5,2.152
2019-04-11,0,0.0
2019-04-12,0,0.0
2019-04-13,0,0.0
2019-04-14,0,0.0
2019-04-15,8,2.15875
2019-04-16,6,2.2066666666666666
2019-04-17,5,1.7420000000000002
2019-04-18,7,1.8428571428571427
2019-04-19,7,1.9914285714285713
2019-04-20,20,2.6870000000000003
2019-04-21,2,4.58
2019-04-22,0,0.0
2019-04-23,0,0.0
2019-04-24,0,0.0
2019-04-25,3,1.3633333333333333
2019-04-26,2,3.1550000000000002
2019-04-27,9,2.102222222222222
2019-04-28,5,2.8
2019-04-29,0,0.0
2019-04-30,4,2.6199999999999997
2019-05-01,21,2.4838095238095237
2019-05-02,2,2.43
2019-05-03,1,2.18
2019-05-04,3,2.23
2019-05-05,0,0.0
2019-05-06,11,6.3963636363636365
2019-05-07,7,2.7342857142857144
2019-05-08,0,0.0
2019-05-09,0,0.0
2019-05-10,3,7.800000000000001
2019-05-11,6,0.96
2019-05-12,0,0.0
2019-05-13,0,0.0
2019-05-14,0,0.0
2019-05-15,3,1.4533333333333331
2019-05-16,5,1.556
2019-05-17,0,0.0
2019-05-18,0,0.0
2019-05-19,0,0.0
2019-05-20,0,0.0
2019-05-21,2,1.815
2019-05-22,7,1.9285714285714286
2019-05-23,11,6.316363636363636
2019-05-24,8,1.5625
2019-05-25,11,0.8027272727272727
2019-05-26,0,0.0
2019-05-27,0,0.0
2019-05-28,0,0.0
2019-05-29,0,0.0
2019-05-30,5,3.4259999999999997
2019-05-31,10,2.46
2019-06-01,14,1.9721428571428572
2019-06-02,15,2.74
2019-06-03,11,2.5345454545454547
2019-06-04,7,1.2799999999999998
2019-06-05,5,2.072
2019-06-06,10,1.691
2019-06-07,8,5.9087499999999995
2019-06-08,11,2.9545454545454546
2019-06-09,10,1.5939999999999999
2019-06-10,0,0.0
2019-06-11,0,0.0
2019-06-12,2,6.455
2019-06-13,15,1.6780000000000002
2019-06-14,7,1.6928571428571428
2019-06-15,3,1.6833333333333333
2019-06-16,11,2.561818181818182
2019-06-17,7,2.585714285714286
2019-06-18,8,2.45
2019-06-19,4,4.734999999999999
2019-06-20,7,7.765714285714286
2019-06-21,7,1.1742857142857144
2019-06-22,1,2.26
2019-06-23,11,2.4481818181818182
2019-06-24,9,3.0655555555555556
2019-06-25,10,3.019
2019-06-26,8,3.66125
2019-06-27,10,3.071
2019-06-28,20,2.934
2019-06-29,10,3.096
2019-06-30,15,1.8953333333333333
2019-07-01,8,2.89875
2019-07-02,9,3.6655555555555557
2019-07-03,16,2.634375
2019-07-04,17,1.9670588235294115
2019-07-05,20,2.648
2019-07-06,11,2.6418181818181816
2019-07-07,2,5.4399999999999995
2019-07-08,7,4.885714285714286
2019-07-09,2,4.865
2019-07-10,2,8.225
2019-07-11,0,0.0
2019-07-12,6,2.233333333333333
2019-07-13,4,3.8850000000000002
2019-07-14,16,3.300625
2019-07-15,0,0.0
2019-07-16,16,2.7625
2019-07-17,7,2.8542857142857145
2019-07-18,14,2.9164285714285714
2019-07-19,9,3.1688888888888886
2019-07-20,7,1.092857142857143
2019-07-21,10,3.8310000000000004
2019-07-22,2,1.91
2019-07-23,7,2.204285714285714
2019-07-24,8,2.76375
2019-07-25,22,4.441363636363636
2019-07-26,12,4.2875000000000005
2019-07-27,11,3.6509090909090913
2019-07-28,1,2.78
2019-07-29,2,3.7199999999999998
2019-07-30,19,2.818947368421053
2019-07-31,11,1.0963636363636364
2019-08-01,9,3.921111111111111
2019-08-02,2,3.9800000000000004
2019-08-03,8,3.33875
2019-08-04,9,3.078888888888889
2019-08-05,10,3.386
2019-08-06,1,0.68
2019-08-07,0,0.0
2019-08-08,0,0.0
2019-08-09,5,3.2939999999999996
2019-08-10,15,4.924666666666667
2019-08-11,4,3.67
2019-08-12,3,0.57
2019-08-13,1,0.54
2019-08-14,2,2.785
2019-08-15,4,1.635
2019-08-16,2,2.2399999999999998
2019-08-17,0,0.0
2019-08-18,3,0.81
2019-08-19,0,0.0
2019-08-20,0,0.0
2019-08-21,7,3.894285714285714
2019-08-22,3,6.580000000000001
2019-08-23,0,0.0
2019-08-24,0,0.0
2019-08-25,1,0.86
2019-08-26,10,3.6510000000000007
2019-08-27,5,1.9100000000000001
2019-08-28,0,0.0
2019-08-29,0,0.0
2019-08-30,5,1.502
2019-08-31,9,3.8655555555555554
2019-09-01,9,2.4366666666666665
2019-09-02,4,1.995
2019-09-03,8,5.453749999999999
2019-09-04,9,2.3844444444444446
2019-09-05,8,1.58875
2019-09-06,0,0.0
2019-09-07,5,2.6100000000000003
2019-09-08,2,2.77
2019-09-09,4,2.1525
2019-09-10,4,1.4625
2019-09-11,20,6.3615
2019-09-12,15,2.877333333333333
2019-09-13,12,2.245833333333333
2019-09-14,9,3.618888888888889
2019-09-15,2,2.115
2019-09-16,11,3.5945454545454543
2019-09-17,19,1.9105263157894736
2019-09-18,4,0.9975
2019-09-19,1,1.87
2019-09-20,1,6.44
2019-09-21,11,4.03
2019-09-22,0,0.0
2019-09-23,0,0.0
2019-09-24,9,0.9055555555555556
2019-09-25,3,3.2000000000000006
2019-09-26,1,1.12
2019-09-27,3,1.3299999999999998
2019-09-28,3,2.08
2019-09-29,11,2.35
2019-09-30,6,1.39
2019-10-01,4,1.4100000000000001
2019-10-02,3,1.7000000000000002
2019-10-03,7,2.697142857142857
2019-10-04,7,1.9157142857142857
2019-10-05,8,1.01875
2019-10-06,7,0.8914285714285715
2019-10-07,0,0.0
2019-10-08,6,2.0050000000000003
2019-10-09,6,1.9016666666666666
2019-10-10,0,0.0
2019-10-11,0,0.0
2019-10-12,5,0.9359999999999999
2019-10-13,8,2.4825
2019-10-14,4,2.16
2019-10-15,0,0.0
2019-10-16,4,1.9325
2019-10-17,3,1.1866666666666668
2019-10-18,0,0.0
2019-10-19,0,0.0
2019-10-20,1,7.63
2019-10-21,3,0.9666666666666667
2019-10-22,4,0.8875
2019-10-23,6,3.0583333333333336
2019-10-24,0,0.0
2019-10-25,0,0.0
2019-10-26,5,4.13
2019-10-27,8,1.92875
2019-10-28,3,1.29
2019-10-29,0,0.0
2019-10-30,0,0.0
2019-10-31,0,0.0
2019-11-01,0,0.0
2019-11-02,0,0.0
2019-11-03,0,0.0
2019-11-04,0,0.0
2019-11-05,0,0.0
2019-11-06,4,1.385
2019-11-07,5,1.35
2019-11-08,0,0.0
2019-11-09,1,6.0
2019-11-10,4,2.1975
2019-11-11,1,0.59
2019-11-12,0,0.0
2019-11-13,0,0.0
2019-11-14,8,1.2925
2019-11-15,0,0.0
2019-11-16,0,0.0
2019-11-17,0,0.0
2019-11-18,3,1.03
2019-11-19,0,0.0
2019-11-20,0,0.0
2019-11-21,0,0.0
2019-11-22,0,0.0
2019-11-23,0,0.0
2019-11-24,0,0.0
2019-11-25,2,4.9
2019-11-26,1,1.9
2019-11-27,0,0.0
2019-11-28,0,0.0
2019-11-29,0,0.0
2019-11-30,1,2.47
2019-12-01,0,0.0
2019-12-02,0,0.0
2019-12-03,0,0.0
2019-12-04,2,3.0599999999999996
2019-12-05,1,2.41
2019-12-06,4,0.78
2019-12-07,4,3.3775
2019-12-08,4,2.41
2019-12-09,0,0.0
2019-12-10,3,2.566666666666667
2019-12-11,11,1.5299999999999998
2019-12-12,0,0.0
2019-12-13,0,0.0
2019-12-14,4,2.2249999999999996
2019-12-15,4,6.4275
2019-12-16,0,0.0
2019-12-17,0,0.0
2019-12-18,0,0.0
2019-12-19,0,0.0
2019-12-20,1,0.7
2019-12-21,0,0.0
2019-12-22,0,0.0
2019-12-23,0,0.0
2019-12-24,1,0.76
2019-12-25,2,0.765
2019-12-26,0,0.0
2019-12-27,0,0.0
2019-12-28,0,0.0
2019-12-29,0,0.0
2019-12-30,0,0.0
2019-12-31,0,0.0
2020-01-01,3,1.17
2020-01-02,0,0.0
2020-01-03,0,0.0
2020-01-04,0,0.0
2020-01-05,0,0.0
2020-01-06,0,0.0
2020-01-07,0,0.0
2020-01-08,0,0.0
2020-01-09,5,2.304
2020-01-10,4,2.3025
2020-01-11,4,2.8325
2020-01-12,4,1.1099999999999999
2020-01-13,2,2.67
2020-01-14,0,0.0
2020-01-15,0,0.0
2020-01-16,0,0.0
2020-01-17,7,1.237142857142857
2020-01-18,0,0.0
2020-01-19,0,0.0
2020-01-20,0,0.0
2020-01-21,5,1.06
2020-01-22,0,0.0
2020-01-23,6,1.195
2020-01-24,5,1.576
2020-01-25,0,0.0
2020-01-26,1,3.61
2020-01-27,0,0.0
2020-01-28,0,0.0
2020-01-29,7,2.801428571428571
2020-01-30,3,3.6633333333333327
2020-01-31,0,0.0
2020-02-01,0,0.0
2020-02-02,4,1.32
2020-02-03,0,0.0
2020-02-04,0,0.0
2020-02-05,8,2.80375
2020-02-06,6,1.2666666666666668
2020-02-07,4,1.9175
2020-02-08,7,0.9242857142857143
2020-02-09,4,1.1724999999999999
2020-02-10,0,0.0
2020-02-11,4,3.5999999999999996
2020-02-12,8,2.95375
2020-02-13,7,2.072857142857143
2020-02-14,2,0.9400000000000001
2020-02-15,4,1.2349999999999999
2020-02-16,2,0.635
2020-02-17,0,0.0
2020-02-18,3,3.2633333333333336
2020-02-19,4,1.6425
2020-02-20,6,1.3666666666666665
2020-02-21,4,0.8875
2020-02-22,6,2.7266666666666666
2020-02-23,5,1.472
2020-02-24,2,3.755
2020-02-25,0,0.0
2020-02-26,6,1.625
2020-02-27,45,3.2866666666666666
2020-02-28,26,2.0311538461538463
2020-02-29,0,0.0
2020-03-01,0,0.0
2020-03-02,2,5.625
2020-03-03,0,0.0
2020-03-04,4,1.62
2020-03-05,6,2.8983333333333334
2020-03-06,0,0.0
2020-03-07,3,1.7933333333333337
2020-03-08,8,2.3825000000000003
2020-03-09,1,0.45
2020-03-10,0,0.0
2020-03-11,6,1.9683333333333335
2020-03-12,6,1.4016666666666666
2020-03-13,0,0.0
2020-03-14,0,0.0
2020-03-15,6,2.091666666666667
2020-03-16,11,2.7581818181818183
2020-03-17,4,4.335
2020-03-18,1,3.38
2020-03-19,0,0.0
2020-03-20,0,0.0
2020-03-21,10,2.04
2020-03-22,0,0.0
2020-03-23,1,2.63
2020-03-24,1,6.84
2020-03-25,0,0.0
2020-03-26,0,0.0
2020-03-27,0,0.0
2020-03-28,6,3.3383333333333334
2020-03-29,0,0.0
2020-03-30,0,0.0
2020-03-31,0,0.0
2020-04-01,1,0.61
2020-04-02,5,4.536
2020-04-03,2,1.635
2020-04-04,1,3.19
2020-04-05,0,0.0
2020-04-06,7,2.6485714285714286
2020-04-07,0,0.0
2020-04-08,14,3.892142857142857
2020-04-09,0,0.0
2020-04-10,1,1.24
2020-04-11,10,3.623
2020-04-12,4,2.29
2020-04-13,1,1.4
2020-04-14,2,1.935
2020-04-15,0,0.0
2020-04-16,2,2.685
2020-04-17,3,3.6966666666666668
2020-04-18,5,1.134
2020-04-19,0,0.0
2020-04-20,0,0.0
2020-04-21,0,0.0
2020-04-22,12,2.2616666666666667
2020-04-23,19,3.2710526315789474
2020-04-24,11,3.4490909090909088
2020-04-25,5,2.93
2020-04-26,1,5.6
2020-04-27,1,2.14
2020-04-28,1,1.47
2020-04-29,6,2.1766666666666667
2020-04-30,0,0.0
2020-05-01,3,1.0833333333333333
2020-05-02,3,1.8466666666666667
2020-05-03,14,3.332142857142857
2020-05-04,6,2.841666666666667
2020-05-05,2,3.7750000000000004
2020-05-06,1,0.33
2020-05-07,6,1.925
2020-05-08,5,3.2939999999999996
2020-05-09,8,3.6399999999999997
2020-05-10,1,3.46
2020-05-11,0,0.0
2020-05-12,2,4.68
2020-05-13,0,0.0
2020-05-14,2,3.925
2020-05-15,0,0.0
2020-05-16,1,2.57
2020-05-17,1,2.44
2020-05-18,3,4.8999999999999995
2020-05-19,0,0.0
2020-05-20,6,3.2433333333333336
2020-05-21,10,1.7530000000000001
2020-05-22,4,1.0175
2020-05-23,0,0.0
2020-05-24,14,2.990714285714286
2020-05-25,17,4.042941176470588
2020-05-26,5,1.9620000000000002
2020-05-27,8,2.77625
2020-05-28,12,3.8958333333333335
2020-05-29,2,2.39
2020-05-30,1,1.96
2020-05-31,1,4.7
2020-06-01,2,1.48
2020-06-02,6,2.6149999999999998
2020-06-03,11,2.522727272727273
2020-06-04,1,1.26
2020-06-05,5,4.804
2020-06-06,11,1.8318181818181818
2020-06-07,1,1.82
2020-06-08,0,0.0
2020-06-09,3,1.4533333333333334
2020-06-10,1,1.53
2020-06-11,0,0.0
2020-06-12,11,2.2818181818181817
2020-06-13,6,4.161666666666666
2020-06-14,5,4.078
2020-06-15,9,1.1233333333333333
2020-06-16,0,0.0
2020-06-17,1,1.49
2020-06-18,11,2.005454545454546
2020-06-19,8,2.8362499999999997
2020-06-20,9,1.7122222222222223
2020-06-21,5,4.492
2020-06-22,2,0.735
2020-06-23,8,2.30375
2020-06-24,6,7.611666666666667
2020-06-25,13,1.9376923076923078
2020-06-26,1,4.31
2020-06-27,9,3.29
2020-06-28,7,1.56
2020-06-29,6,2.481666666666667
2020-06-30,13,2.496923076923077
2020-07-01,8,1.3175
2020-07-02,3,2.06
2020-07-03,5,1.014
2020-07-04,3,4.069999999999999
2020-07-05,9,2.6866666666666665
2020-07-06,5,3.19
2020-07-07,4,4.9675
2020-07-08,7,1.45
2020-07-09,10,1.925
2020-07-10,10,3.6109999999999998
2020-07-11,0,0.0
2020-07-12,10,4.92
2020-07-13,2,0.905
2020-07-14,2,2.5250000000000004
2020-07-15,5,3.7
2020-07-16,17,2.82
2020-07-17,2,3.535
2020-07-18,4,2.39
2020-07-19,6,2.6799999999999997
2020-07-20,5,2.232
2020-07-21,10,1.582
2020-07-22,1,2.63
2020-07-23,6,3.5583333333333336
2020-07-24,4,2.0225
2020-07-25,9,2.898888888888889
2020-07-26,4,1.1225
2020-07-27,17,5.03764705882353
2020-07-28,10,2.963
2020-07-29,8,3.8
2020-07-30,6,1.735
2020-07-31,6,3.4933333333333336
2020-08-01,21,3.190952380952381
2020-08-02,4,2.895
2020-08-03,1,1.11
2020-08-04,0,0.0
2020-08-05,5,0.682
2020-08-06,15,4.4
2020-08-07,13,2.7069230769230765
2020-08-08,8,4.0874999999999995
2020-08-09,5,3.804
2020-08-10,3,1.17
2020-08-11,4,2.0975
2020-08-12,15,3.9006666666666665
2020-08-13,1,6.84
2020-08-14,1,3.92
2020-08-15,3,4.673333333333333
2020-08-16,1,0.79
2020-08-17,3,6.413333333333333
2020-08-18,14,1.707857142857143
2020-08-19,1,3.0
2020-08-20,4,1.6300000000000001
2020-08-21,3,0.75
2020-08-22,7,3.8685714285714283
2020-08-23,8,1.445
2020-08-24,3,0.82
2020-08-25,4,1.645
2020-08-26,4,2.015
2020-08-27,9,1.0544444444444445
2020-08-28,1,3.29
2020-08-29,0,0.0
2020-08-30,4,8.135
2020-08-31,4,1.965
2020-09-01,2,6.545
2020-09-02,5,2.314
2020-09-03,19,1.708421052631579
2020-09-04,13,1.7946153846153845
2020-09-05,10,1.4929999999999999
2020-09-06,2,0.935
2020-09-07,0,0.0
2020-09-08,15,3.79
2020-09-09,11,3.7636363636363637
2020-09-10,9,1.1055555555555554
2020-09-11,5,0.8600000000000001
2020-09-12,5,5.866
2020-09-13,10,6.018000000000001
2020-09-14,5,6.234
2020-09-15,8,1.36375
2020-09-16,6,2.9250000000000003
2020-09-17,5,2.3899999999999997
2020-09-18,10,2.134
2020-09-19,7,0.8914285714285715
2020-09-20,2,1.0150000000000001
2020-09-21,3,1.2433333333333334
2020-09-22,0,0.0
2020-09-23,3,3.893333333333333
2020-09-24,9,1.5555555555555556
2020-09-25,0,0.0
2020-09-26,0,0.0
2020-09-27,5,2.9479999999999995
2020-09-28,0,0.0
2020-09-29,7,1.2414285714285713
2020-09-30,7,0.8857142857142858
2020-10-01,4,2.0025
2020-10-02,0,0.0
2020-10-03,0,0.0
2020-10-04,1,0.88
2020-10-05,3,0.84
2020-10-06,11,1.4018181818181819
2020-10-07,2,0.96
2020-10-08,10,1.627
2020-10-09,5,3.04
2020-10-10,6,3.0416666666666665
2020-10-11,0,0.0
2020-10-12,1,2.05
2020-10-13,5,0.844
2020-10-14,2,1.745
2020-10-15,0,0.0
2020-10-16,0,0.0
2020-10-17,6,2.703333333333333
2020-10-18,7,1.3228571428571427
2020-10-19,0,0.0
2020-10-20,6,1.39
2020-10-21,2,2.16
2020-10-22,8,1.31
2020-10-23,0,0.0
2020-10-24,0,0.0
2020-10-25,2,5.0600000000000005
2020-10-26,0,0.0
2020-10-27,0,0.0
2020-10-28,9,2.101111111111111
2020-10-29,0,0.0
2020-10-30,1,2.7
2020-10-31,5,1.8719999999999999
2020-11-01,2,1.185
2020-11-02,0,0.0
2020-11-03,0,0.0
2020-11-04,0,0.0
2020-11-05,2,3.24
2020-11-06,1,1.58
2020-11-07,5,2.216
2020-11-08,3,1.3066666666666666
2020-11-09,1,0.9
2020-11-10,3,1.5466666666666669
2020-11-11,7,1.4014285714285715
2020-11-12,1,2.38
2020-11-13,0,0.0
2020-11-14,1,2.69
2020-11-15,0,0.0
2020-11-16,0,0.0
2020-11-17,9,1.6822222222222223
2020-11-18,9,3.8699999999999997
2020-11-19,4,1.2275
2020-11-20,1,7.04
2020-11-21,2,3.285
2020-11-22,6,1.3683333333333332
2020-11-23,2,2.1350000000000002
2020-11-24,7,11.204285714285716
2020-11-25,4,3.3425000000000002
2020-11-26,3,1.9133333333333333
2020-11-27,5,2.2199999999999998
2020-11-28,2,2.16
2020-11-29,0,0.0
2020-11-30,1,0.77
2020-12-01,2,1.71
2020-12-02,0,0.0
2020-12-03,0,0.0
2020-12-04,0,0.0
2020-12-05,0,0.0
2020-12-06,0,0.0
2020-12-07,1,1.6
2020-12-08,0,0.0
2020-12-09,0,0.0
2020-12-10,0,0.0
2020-12-11,3,9.806666666666667
2020-12-12,0,0.0
2020-12-13,3,1.2066666666666668
2020-12-14,2,2.255
2020-12-15,0,0.0
2020-12-16,0,0.0
2020-12-17,0,0.0
2020-12-18,0,0.0
2020-12-19,0,0.0
2020-12-20,0,0.0
2020-12-21,0,0.0
2020-12-22,0,0.0
2020-12-23,0,0.0
2020-12-24,0,0.0
2020-12-25,0,0.0
2020-12-26,0,0.0
2020-12-27,2,0.6499999999999999
2020-12-28,0,0.0
2020-12-29,0,0.0
2020-12-30,0,0.0
2020-12-31,2,0.865
2021-01-01,0,0.0
2021-01-02,0,0.0
2021-01-03,0,0.0
2021-01-04,0,0.0
2021-01-05,0,0.0
2021-01-06,0,0.0
2021-01-07,0,0.0
2021-01-08,3,1.8333333333333333
2021-01-09,0,0.0
2021-01-10,0,0.0
2021-01-11,2,2.38
2021-01-12,2,4.725
2021-01-13,5,2.55
2021-01-14,11,1.6272727272727272
2021-01-15,0,0.0
2021-01-16,2,1.605
2021-01-17,0,0.0
2021-01-18,2,2.045
2021-01-19,2,2.5650000000000004
2021-01-20,0,0.0
2021-01-21,0,0.0
2021-01-22,0,0.0
2021-01-23,0,0.0
2021-01-24,4,4.45
2021-01-25,1,0.72
2021-01-26,5,2.59
2021-01-27,4,1.655
2021-01-28,1,2.25
2021-01-29,0,0.0
2021-01-30,6,1.7333333333333334
2021-01-31,0,0.0
2021-02-01,0,0.0
2021-02-02,5,0.9480000000000001
2021-02-03,0,0.0
2021-02-04,0,0.0
2021-02-05,0,0.0
2021-02-06,0,0.0
2021-02-07,0,0.0
2021-02-08,0,0.0
2021-02-09,1,3.18
2021-02-10,0,0.0
2021-02-11,5,1.478
2021-02-12,0,0.0
2021-02-13,0,0.0
2021-02-14,3,7.93
2021-02-15,3,2.893333333333333
2021-02-16,0,0.0
2021-02-17,4,3.1275
2021-02-18,0,0.0
2021-02-19,0,0.0
2021-02-20,1,3.77
2021-02-21,2,2.205
2021-02-22,0,0.0
2021-02-23,4,1.1025
2021-02-24,4,1.415
2021-02-25,10,2.565
2021-02-26,8,1.8025
2021-02-27,4,2.1225
2021-02-28,3,2.9633333333333334
2021-03-01,2,1.3250000000000002
2021-03-02,3,4.896666666666667
2021-03-03,2,1.67
2021-03-04,0,0.0
2021-03-05,2,1.73
2021-03-06,0,0.0
2021-03-07,2,4.43
2021-03-08,6,5.973333333333334
2021-03-09,7,1.4528571428571428
2021-03-10,0,0.0
2021-03-11,0,0.0
2021-03-12,0,0.0
2021-03-13,10,2.968
2021-03-14,13,1.7615384615384615
2021-03-15,4,2.64
2021-03-16,4,2.1275
2021-03-17,8,2.44375
2021-03-18,4,1.2
2021-03-19,1,2.53
2021-03-20,11,2.0636363636363635
2021-03-21,3,2.9499999999999997
2021-03-22,3,1.72
2021-03-23,5,1.482
2021-03-24,15,2.5606666666666666
2021-03-25,4,1.05
2021-03-26,10,3.7560000000000002
2021-03-27,4,1.02
2021-03-28,2,1.9049999999999998
2021-03-29,7,2.37
2021-03-30,20,1.526
2021-03-31,20,2.0015
2021-04-01,14,2.432142857142857
2021-04-02,6,1.1233333333333333
2021-04-03,14,3.110714285714286
2021-04-04,5,3.3600000000000003
2021-04-05,0,0.0
2021-04-06,3,1.57
2021-04-07,7,6.811428571428571
2021-04-08,4,1.5125
2021-04-09,5,1.4
2021-04-10,0,0.0
2021-04-11,0,0.0
2021-04-12,0,0.0
2021-04-13,0,0.0
2021-04-14,5,2.802
2021-04-15,4,0.7975
2021-04-16,10,2.145
2021-04-17,4,5.9975
2021-04-18,0,0.0
2021-04-19,1,2.36
2021-04-20,21,2.6104761904761906
2021-04-21,7,4.155714285714286
2021-04-22,5,1.6119999999999997
2021-04-23,7,1.07
2021-04-24,9,1.9677777777777778
2021-04-25,9,2.58
2021-04-26,0,0.0
2021-04-27,0,0.0
2021-04-28,0,0.0
2021-04-29,0,0.0
2021-04-30,0,0.0
2021-05-01,3,1.1233333333333333
2021-05-02,2,9.629999999999999
2021-05-03,1,2.85
2021-05-04,7,3.5700000000000003
2021-05-05,5,2.38
2021-05-06,2,1.375
2021-05-07,9,2.982222222222222
2021-05-08,8,1.4675
2021-05-09,8,1.4825
2021-05-10,4,1.055
2021-05-11,0,0.0
2021-05-12,1,3.23
2021-05-13,4,3.1675
2021-05-14,8,1.45625
2021-05-15,2,1.515
2021-05-16,3,1.6166666666666665
2021-05-17,1,4.24
2021-05-18,15,1.738
2021-05-19,7,1.4414285714285715
2021-05-20,7,1.577142857142857
2021-05-21,6,3.563333333333333
2021-05-22,0,0.0
2021-05-23,2,2.8899999999999997
2021-05-24,0,0.0
2021-05-25,5,4.314
2021-05-26,11,1.3590909090909091
2021-05-27,7,2.0342857142857143
2021-05-28,11,2.9600000000000004
2021-05-29,7,1.4585714285714286
2021-05-30,3,2.6266666666666665
2021-05-31,2,2.88
2021-06-01,5,4.654
2021-06-02,16,1.786875
2021-06-03,8,1.84125
2021-06-04,5,2.08
2021-06-05,3,3.6033333333333335
2021-06-06,17,3.393529411764706
2021-06-07,0,0.0
2021-06-08,2,2.495
2021-06-09,5,2.016
2021-06-10,10,2.6879999999999997
2021-06-11,6,4.348333333333334
2021-06-12,4,1.0925
2021-06-13,14,3.2050000000000005
2021-06-14,13,5.065384615384615
2021-06-15,1,6.45
2021-06-16,3,1.1533333333333333
2021-06-17,18,2.3444444444444446
2021-06-18,8,1.46
2021-06-19,8,1.54875
2021-06-20,1,3.31
2021-06-21,3,4.196666666666666
2021-06-22,12,2.5608333333333335
2021-06-23,6,1.1199999999999999
2021-06-24,11,1.7354545454545454
2021-06-25,9,3.0900000000000003
2021-06-26,10,1.891
2021-06-27,6,2.3366666666666664
2021-06-28,5,1.784
2021-06-29,10,2.601
2021-06-30,9,2.441111111111111
2021-07-01,9,2.0688888888888886
2021-07-02,8,3.4975
2021-07-03,1,5.03
2021-07-04,4,1.8925000000000003
2021-07-05,7,1.544285714285714
2021-07-06,14,1.9964285714285714
2021-07-07,7,5.288571428571428
2021-07-08,3,1.4233333333333336
2021-07-09,11,0.9754545454545455
2021-07-10,19,3.460526315789474
2021-07-11,6,2.3633333333333333
2021-07-12,6,1.875
2021-07-13,3,2.11
2021-07-14,6,2.5416666666666665
2021-07-15,0,0.0
2021-07-16,2,1.09
2021-07-17,1,0.85
2021-07-18,5,4.318
2021-07-19,15,2.5893333333333337
2021-07-20,7,1.23
2021-07-21,5,1.576
2021-07-22,9,1.2755555555555556
2021-07-23,5,2.946
2021-07-24,3,1.1633333333333333
2021-07-25,1,2.34
2021-07-26,2,0.92
2021-07-27,2,8.355
2021-07-28,4,1.1225
2021-07-29,12,3.2158333333333338
2021-07-30,16,1.27125
2021-07-31,8,4.775
2021-08-01,2,1.4700000000000002
2021-08-02,0,0.0
2021-08-03,4,1.1775
2021-08-04,0,0.0
2021-08-05,12,3.1925000000000003
2021-08-06,8,3.12625
2021-08-07,6,1.425
2021-08-08,6,4.013333333333333
2021-08-09,3,1.82
2021-08-10,10,1.735
2021-08-11,6,6.308333333333334
2021-08-12,1,3.76
2021-08-13,0,0.0
2021-08-14,4,2.965
2021-08-15,14,2.1392857142857142
2021-08-16,1,5.48
2021-08-17,1,5.5
2021-08-18,2,1.425
2021-08-19,2,4.4
2021-08-20,2,2.1100000000000003
2021-08-21,3,2.4433333333333334
2021-08-22,2,0.885
2021-08-23,2,1.895
2021-08-24,3,1.0066666666666666
2021-08-25,1,5.56
2021-08-26,19,2.2605263157894737
2021-08-27,3,2.143333333333333
2021-08-28,0,0.0
2021-08-29,6,3.8550000000000004
2021-08-30,3,1.3699999999999999
2021-08-31,6,2.8666666666666667
2021-09-01,13,3.674615384615384
2021-09-02,9,2.0144444444444445
2021-09-03,6,2.06
2021-09-04,7,2.2885714285714287
2021-09-05,17,2.17
2021-09-06,11,2.4563636363636365
2021-09-07,5,1.55
2021-09-08,5,2.836
2021-09-09,2,1.52
2021-09-10,3,1.5666666666666667
2021-09-11,11,2.441818181818182
2021-09-12,11,1.8318181818181818
2021-09-13,5,2.354
2021-09-14,5,1.636
2021-09-15,2,1.2200000000000002
2021-09-16,0,0.0
2021-09-17,2,3.4250000000000003
2021-09-18,3,1.51
2021-09-19,0,0.0
2021-09-20,4,1.2174999999999998
2021-09-21,7,3.244285714285714
2021-09-22,2,10.415000000000001
2021-09-23,10,2.468
2021-09-24,6,1.8916666666666668
2021-09-25,9,0.9944444444444444
2021-09-26,2,3.44
2021-09-27,9,3.703333333333333
2021-09-28,5,1.546
2021-09-29,2,2.37
2021-09-30,5,2.058
2021-10-01,10,3.5050000000000003
2021-10-02,6,4.426666666666667
2021-10-03,0,0.0
2021-10-04,1,0.94
2021-10-05,0,0.0
2021-10-06,0,0.0
2021-10-07,1,0.96
2021-10-08,0,0.0
2021-10-09,0,0.0
2021-10-10,4,4.81
2021-10-11,2,1.6800000000000002
2021-10-12,2,1.31
2021-10-13,13,6.24923076923077
2021-10-14,7,2.8457142857142856
2021-10-15,6,6.728333333333333
2021-10-16,11,1.8563636363636364
2021-10-17,4,1.5
2021-10-18,3,3.1766666666666663
2021-10-19,3,1.06
2021-10-20,9,2.47
2021-10-21,0,0.0
2021-10-22,2,4.62
2021-10-23,5,2.328
2021-10-24,3,2.35
2021-10-25,0,0.0
2021-10-26,11,2.570909090909091
2021-10-27,6,1.9799999999999998
2021-10-28,5,2.38
2021-10-29,3,1.26
2021-10-30,9,3.0433333333333334
2021-10-31,0,0.0
2021-11-01,0,0.0
2021-11-02,0,0.0
2021-11-03,0,0.0
2021-11-04,0,0.0
2021-11-05,3,1.1466666666666667
2021-11-06,5,1.182
2021-11-07,3,2.0100000000000002
2021-11-08,0,0.0
2021-11-09,9,0.7688888888888888
2021-11-10,0,0.0
2021-11-11,1,1.27
2021-11-12,5,2.318
2021-11-13,2,1.41
2021-11-14,0,0.0
2021-11-15,0,0.0
2021-11-16,2,1.095
2021-11-17,0,0.0
2021-11-18,6,1.7116666666666667
2021-11-19,1,4.3
2021-11-20,0,0.0
2021-11-21,0,0.0
2021-11-22,0,0.0
2021-11-23,0,0.0
2021-11-24,3,2.09
2021-11-25,4,1.6225
2021-11-26,0,0.0
2021-11-27,0,0.0
2021-11-28,0,0.0
2021-11-29,2,4.195
2021-11-30,6,2.365
2021-12-01,10,1.9940000000000002
2021-12-02,0,0.0
2021-12-03,2,1.065
2021-12-04,0,0.0
2021-12-05,1,13.37
2021-12-06,4,1.2925
2021-12-07,1,2.61
2021-12-08,0,0.0
2021-12-09,0,0.0
2021-12-10,0,0.0
2021-12-11,2,0.6399999999999999
2021-12-12,11,1.5772727272727274
2021-12-13,2,1.9300000000000002
2021-12-14,4,1.66
2021-12-15,2,1.015
2021-12-16,11,2.14
2021-12-17,5,1.372
2021-12-18,2,1.4849999999999999
2021-12-19,2,1.305
2021-12-20,4,2.1574999999999998
2021-12-21,0,0.0
2021-12-22,7,3.7671428571428573
2021-12-23,0,0.0
2021-12-24,0,0.0
2021-12-25,0,0.0
2021-12-26,0,0.0
2021-12-27,0,0.0
2021-12-28,0,0.0
2021-12-29,0,0.0
2021-12-30,0,0.0
2021-12-31,0,0.0
